nom_hotel;adresse;note
Hotel Malte - Astotel;63 rue de Richelieu 75002 Paris France;5.0
Hotel Bradford Elysees - Astotel;10 rue Saint Philippe du Roule 75008 Paris France;5.0
Novotel Paris Les Halles;8 Place Marguerite de Navarre 75001 Paris France;4.5
Hotel Astoria - Astotel;42 rue de Moscou 8th Arr. 75008 Paris France;4.5
Hotel Lorette - Astotel;36 rue Notre Dame de Lorette 9th Arr. 75009 Paris France;4.5
Hotel 34B - Astotel;34 Rue Bergère 75009 Paris France;5.0
La Maison Favart;5 Rue de Marivaux 2nd Arr 75002 Paris France;5.0
Hotel Le Milie Rose;22 rue des Petites Ecuries 75010 Paris France;5.0
Hotel La Comtesse;29 avenue de Tourville 75007 Paris France;4.5
Hotel Le 123 Sebastopol - Astotel;123 Boulevard de Sebastopol 2nd Arr. 75002 Paris France;5.0
Hotel Regent's Garden - Astotel;6 rue Pierre Demours 75017 Paris France;4.5
Victoria Palace Hotel;6 rue Blaise Desgoffe 75006 Paris France;5.0
Passy Eiffel Hotel;10 rue de Passy 75016 Paris France;4.5
Hotel Marignan Champs-Elysees;12 rue de Marignan 08 Arr. 75008 Paris France;4.5
Pullman Paris Eiffel Tower Hotel;18 Avenue de Suffren 75015 Paris France;4.0
Generator Paris;9-11 Place du Colonel Fabien 75010 Paris France;4.0
Best Western Plus La Demeure;51 boulevard Saint Marcel 75013 Paris France;4.5
InterContinental Paris - Le Grand;2 Rue Scribe 75009 Paris France;4.5
Hotel Le Mareuil;51 rue de Malte 75011 Paris France;4.5
Citadines Tour Eiffel Paris;132 boulevard de Grenelle 15th Arr. 75015 Paris France;4.5
Hotel du Danube Saint Germain;58 rue Jacob 75006 Paris France;4.5
Pullman Paris Montparnasse Hotel;19 Rue Commandant René Mouchotte 75014 Paris France;4.5
Yooma Urban Lodge;51 quai de Grenelle 75015 Paris France;4.0
Hotel Tourisme Avenue;66 avenue de la Motte Picquet 75015 Paris France;4.5
Hotel Madrigal;32 boulevard Pasteur 15e Arrondissement 75015 Paris France;4.5
Timhotel Montmartre;11 rue Ravignan 75018 Paris France;4.0
Hotel Magda Champs-Elysees;7 rue Troyon 75017 Paris France;4.5
Melia Paris Champs Elysees;102 avenue Victor Hugo Distrito 16 75116 Paris France;4.0
Hotel Odessa Montparnasse;28 rue d Odessa 75014 Paris France;4.0
Le Regent Montmartre by HipHopHostels;37 boulevard de Rochechouart 9th Arr. 75009 Paris France;4.0
Hotel La Bourdonnais;111 avenue de la Bourdonnais 75007 Paris France;4.5
Hotel Joke - Astotel;69 Rue Blanche 75009 Paris France;5.0
Hotel Leopold;225 boulevard Raspail 75014 Paris France;4.5
Sofitel Paris Baltimore Tour Eiffel;88 B avenue Kleber 16 Arr. 75116 Paris France;4.5
Hotel Splendid Etoile;1 avenue Carnot 75017 Paris France;4.5
Le Parisis Paris Tour Eiffel;102 boulevard de Grenelle 75015 Paris France;4.5
Hotel Europe Saint Severin;38 rue Saint Severin 75005 Paris France;4.5
Residence Charles Floquet;8 avenue Charles Floquet 75007 Paris France;4.5
25hours Hotel Terminus Nord;12 boulevard de Denain 75010 Paris France;4.5
Hotel George - Astotel;46 rue Notre Dame de Lorette 9th Arr. 75009 Paris France;4.5
Hotel Henriette;9 rue des Gobelins 75013 Paris France;5.0
Novotel Paris Centre Gare Montparnasse;17 rue du Cotentin 75015 Paris France;4.0
Hotel de la Paix Tour Eiffel;19 rue du Gros Caillou 07 Arr. 75007 Paris France;4.5
Courtyard by Marriott Paris Gare de Lyon;209 rue de Bercy 75012 Paris France;4.5
Hotel Saint-Marc;36 rue Saint Marc 75002 Paris France;5.0
Hotel Square Louvois;12 rue de Louvois 75002 Paris France;5.0
Hotel Rochechouart;55 Boulevard de Rochechouart 75009 Paris France;4.5
The People - Paris Belleville;59 Boulevard De Belleville 75011 Paris France;4.5
Hotel Armoni;7 Villa Berthier 17th Arr. 75017 Paris France;4.5
Citadines Les Halles Paris;4 Rue des Innocents 75001 Paris France;4.0
Hotel Mayfair Paris;3 rue Rouget de Lisle 75001 Paris France;4.5
Hotel Darcet;4 rue Darcet 17 Arr. 75017 Paris France;4.5
Grand Hotel des Balcons;3 rue Casimir Delavigne 6th Arr. 75006 Paris France;4.5
Hotel Campanile Paris Bercy Village;17 rue Baron le Roy 75012 Paris France;4.0
JO&JOE Paris Nation Hotel;61 rue de Buzenval 75020 Paris France;4.0
Holiday Inn Express Paris - Canal de la Villette an IHG Hotel;68 Quai de la Seine 75019 Paris France;4.0
Ibis Styles Paris 16 Boulogne;19 avenue Ferdinand Buisson 75016 Paris France;4.5
Hotel Marais Home;38 boulevard du Temple 11th Arr. 75011 Paris France;4.5
St Christopher's Inn Canal Paris;159 Rue Crimee 68-74 Quai de la Seine 75019 Paris France;4.0
St Christopher's Gare du Nord Paris;5 rue de Dunkerque 75010 Paris France;4.0
Hotel Grand Powers;52 rue Francois 1er 75008 Paris France;5.0
Hotel Signature St Germain des Pres;5 Rue Chomel 75007 Paris France;5.0
Hotel de Londres Eiffel;1 rue Augereau 75007 Paris France;4.5
Cler Hotel;24 B rue Cler 75007 Paris France;5.0
Hotel Moderniste;5 rue de Langeac 75015 Paris France;5.0
Hotel Maison Mere;7 rue Mayran 75009 Paris France;5.0
Hotel Regina Louvre;2 Place des Pyramides 75001 Paris France;4.5
Hotel Piapia;14 rue des Maraichers 75020 Paris France;4.5
Sonder L'Edmond Parc Monceau;22 avenue de Villiers 75017 Paris France;4.5
Hotel Le Six;14 Rue Stanislas 75006 Paris France;5.0
Chouette Hotel;237 rue de la Convention 75015 Paris France;4.5
Hotel Monsieur Aristide;3 rue Aristide Bruant 75018 Paris France;5.0
Hotel Terminus Lyon;19 boulevard Diderot 75012 Paris France;4.0
Hotel Moliere;21 rue Moliere 1st Arr. 75001 Paris France;5.0
Hotel le Senat;10 rue de Vaugirard 75006 Paris France;4.5
Secret de Paris - Hotel & Spa;2 Rue de Parme 75009 Paris France;5.0
Hotel Jardins d'Eiffel;8 rue Amelie 07 Arr. 75007 Paris France;4.0
Hotel Chateau Frontenac;54 rue Pierre Charron 75008 Paris France;4.5
Hotel Moderne Saint Germain;33 rue des Ecoles 75005 Paris France;4.5
Hotel Augustin - Astotel;9 rue Roy 75008 Paris France;5.0
Hotel de la Porte Doree;273 avenue Daumesnil 75012 Paris France;4.5
Citadines Saint-Germain-des-Pres Paris;53 ter Quai des Grands Augustins 75006 Paris France;4.5
Touring Hotel;21 rue Buffault 75009 Paris France;4.0
Hotel Raphael;17 avenue Kleber 75116 Paris France;4.5
Hotel Daunou Opera;6 rue Daunou 75002 Paris France;4.0
Mercure Paris Montmartre Sacre Coeur;3 rue Caulaincourt 75018 Paris France;4.0
Le Village Hostel;20 rue d Orsel 75018 Paris France;4.0
Campanile Paris 14 - Maine Montparnasse;146 avenue du Maine 75014 Paris France;4.0
OKKO HOTELS Paris Gare de l'Est;30 A rue d Alsace 75010 Paris France;4.0
Paris j'Adore Hotel & Spa;7 rue Beudant 75017 Paris France;5.0
Hotel Gustave;34 rue Viala 75015 Paris France;4.5
Hotel la Nouvelle Republique & Hammam;9 rue Moret 75011 Paris France;5.0
Hotel des Arts - Montmartre;5 rue Tholoze 75018 Paris France;4.5
Hotel d'Orsay - Esprit de France;93 rue de Lille 75007 Paris France;4.5
Hotel Ares Paris;7 rue du General de Larminat 75015 Paris France;4.5
Hyatt Regency Paris Etoile;3 Place du General Koenig 75017 Paris France;4.0
Hotel Mademoiselle;7 rue des Petits Hotels 75010 Paris France;4.5
Le Derby Alma;8 Avenue Rapp 75007 Paris France;4.5
Floride Etoile Hotel;14 rue Saint Didier 16th Arr 75116 Paris France;4.0
Hotel de JoBo;10 rue d Ormesson 75004 Paris France;5.0
Hotel Muguet;11 rue Chevert 7th Arr. 75007 Paris France;4.5
Campanile Paris 19 - La Villette;147/151 Avenue de Flandre 75019 Paris France;4.0
Hotel Petit Lafayette;46 rue de Trevise 75009 Paris France;5.0
Au Boeuf Couronne Hotel;188 avenue Jean Jaures 75019 Paris France;4.5
Hotel A La Villa des Artistes;9 rue de la Grande Chaumiere 75006 Paris France;4.5
Best Western Plus 61 Paris Nation Hotel;61 rue de la Voute 12th Arr. 75012 Paris France;4.0
Hotel Gaston;51 boulevard Pereire 75017 Paris France;4.5
Hotel de Paris Montparnasse;51 avenue du Maine 75014 Paris France;4.0
Hotel Eiffel Trocadero;35 rue Benjamin Franklin 75116 Paris France;4.0
Ibis Styles Paris Meteor Avenue de la Porte d'Italie;12 avenue de la Porte D Italie 75013 Paris France;4.0
Hilton Paris Opera;108 Rue Saint-Lazare 75008 Paris France;4.0
Canopy By Hilton Paris Trocadero;16 Avenue d Eylau 75116 Paris France;5.0
Hotel Paris Bastille;67 rue de Lyon 12th Arr. 75012 Paris France;4.0
Hotel Le Belmont Paris;30 rue de Bassano 75116 Paris France;4.5
Londres et New York Hotel;15 Place du Havre 75008 Paris France;4.0
Le 55 Montparnasse Hotel;55 rue de Plaisance 75014 Paris France;4.0
Novotel Suites Paris Expo Porte de Versailles;4 boulevard Brune 75014 Paris France;4.0
Hotel Quartier Latin;9 rue des Ecoles 75005 Paris France;4.0
Grand Hotel Malher;5 rue Malher 4th Arr. 75004 Paris France;4.0
Citadines Trocadero Paris;29 bis rue Saint-Didier 75116 Paris France;4.0
Hotel Britannique;20 avenue Victoria 75001 Paris France;4.5
Hotel Joyce - Astotel;29 rue la Bruyere 9th Arr. 75009 Paris France;4.5
Fauchon L'Hotel Paris;4 boulevard Malesherbes 75008 Paris France;5.0
Staycity Aparthotels Gare de l'Est;5-7 Passage Dubail 75010 Paris France;4.5
Hotel Saint-Andre des Arts;66 rue Saint Andre des Arts 75006 Paris France;5.0
Hotel Le Cercle - Tour Eiffel;117 avenue de la Bourdonnais 75007 Paris France;4.5
Shangri-La Paris;10 Avenue D'Lena 75116 Paris France;4.5
B Montmartre Hotel;6 Rue Lecluse 75017 Paris France;5.0
Okko Hotels Paris Porte de Versailles;2 rue du Colonel Pierre Avia 75015 Paris France;4.5
Hotel Maison Axel Opera Paris;15 rue de Montyon 75009 Paris France;5.0
Garden Elysee Hotel;12 rue Saint Didier 16th Arr 75116 Paris France;4.5
Les Jardins de Mademoiselle;15 rue Mademoiselle 75015 Paris France;5.0
Le Relais Montmartre;6 rue Constance 75018 Paris France;4.5
Appart'hotel Odalys Paris Montmartre;7-9 rue Saint-Vincent 18th Arrondissement 75010 Paris France;4.5
Louison Hotel;105 rue de Vaugirard 6th Arr. 75006 Paris France;4.5
Hotel Eiffel Seine;3 boulevard de Grenelle 15 Arr. 75015 Paris France;4.5
Grand Hotel Leveque;29 rue Cler 7th Arr. 75007 Paris France;4.5
West End Hotel;7 rue Clement Marot 75008 Paris France;4.5
Hotel Duquesne Eiffel;23 Avenue Duquesne 75007 Paris France;4.5
Fred Hotel;11 avenue Villemain 14th Arr. 75014 Paris France;4.5
Hotel Left Bank Saint Germain;9 rue de l Ancienne Comedie 75006 Paris France;4.5
L'Empire Paris;48 rue de l Arbre Sec 75001 Paris France;4.5
Rochester Champs-Elysees Hotel;92 rue la Boetie 75008 Paris France;4.5
citizenM Paris Gare de Lyon Hotel;8 Rue Van Gogh 75012 Paris France;4.5
Novotel Paris Gare de Lyon;2 rue Hector Malot 75012 Paris France;4.0
Mama Shelter Paris East;109 rue de Bagnolet 75020 Paris France;4.0
Hotel Scarlett;1 rue Jouye Rouve 75020 Paris France;4.5
Hotel d'Angleterre Saint Germain des Pres;44 rue Jacob 06 Arr. 75006 Paris France;4.5
Au Manoir Saint Germain Des Pres;153 boulevard Saint Germain 6th Arr. 75006 Paris France;4.5
Paris Marriott Champs Elysees Hotel;70 Avenue des Champs-Elysees 75008 Paris France;4.0
Hotel Gabriel Paris;25 rue du grand Prieure 75011 Paris France;4.5
Hotel La Manufacture;8 rue Philippe de Champagne 13th Arr. 75013 Paris France;4.5
Le Tsuba Hotel;45 rue des Acacias 75017 Paris France;4.5
Hotel Paris Louis Blanc;232 rue du Faubourg Saint Martin 75010 Paris France;4.0
Plaza Tour Eiffel;32 rue Greuze 75116 Paris France;4.5
Hotel Rose Bourbon;53 rue de l Eglise 75015 Paris France;4.5
Hotel Da Vinci;25 Rue des Saints-Peres 75006 Paris France;5.0
Hotel Elysia;35 Rue de Berri 75008 Paris France;4.5
Hotel Turenne Le Marais;6 rue de Turenne 75004 Paris France;4.0
Hyatt Paris Madeleine;24 boulevard Malesherbes 75008 Paris France;4.5
Hotel les Deux Girafes Paris;23 passage beslay Paris France 75011 Paris France;5.0
Hotel La Lanterne & Spa;12 rue de la Montagne Ste Genevieve 75005 Paris France;4.5
Jack's Hotel;19 avenue Stephen Pichon 13eme Arr. 75013 Paris France;4.5
Terrass'' Hotel;12-14 rue Joseph de Maistre 75018 Paris France;4.5
Hotel Jardin Le Brea;14 rue Brea 6th Arr. 75006 Paris France;4.5
Pullman Paris Centre - Bercy;1 rue de Libourne Cour Saint-Emilion 75012 Paris France;4.5
Hotel Elysees Union;44 rue de l Amiral Hamelin 75116 Paris France;4.0
Hotel Aida Opera;11 rue Richer 17 Rue Du Conservatoire 75009 Paris France;4.0
Hotel Keppler;10 Rue Kepler 75116 Paris France;4.5
Hotel Acropole;199 boulevard Brune 14 Arr. 75014 Paris France;4.5
Hotel Eden;110 rue Blomet Vaugirard/Grenelle 15eme 75015 Paris France;4.5
Maison Breguet;8 rue Breguet 75011 Paris France;4.5
Hotel Novotel Paris Porte De Versailles;4 avenue de la Porte de la Plaine 75015 Paris France;4.0
Hotel Saint Germain;88 rue du Bac 75007 Paris France;4.5
Fertel Etoile;4 rue des Acacias Metro 1 : Argentine 75017 Paris France;4.0
Villa Madame;44 rue Madame 75006 Paris France;4.5
Hotel Ampere Paris;102 avenue de Villiers 17th Arr. 75017 Paris France;4.5
Hotel Bastille Speria;1 rue de la Bastille 75004 Paris France;4.5
Castex Hotel;5 rue Castex 4th Arr. 75004 Paris France;4.0
Libertel Gare de l'Est Francais;13 rue du 8 Mai 1945 75010 Paris France;4.0
Cadet Residence;7 rue Cadet 75009 Paris France;4.5
Hotel Monge;55 rue Monge 75005 Paris France;5.0
Monsieur George Hotel & Spa;17 rue Washington 75008 Paris France;5.0
Hotel Excelsior Opera;5 rue la Fayette 75009 Paris France;4.0
The People Hostel - Paris 12;28 boulevard de Reuilly 75012 Paris France;4.5
Hotel des Saints-Peres - Esprit de France;65 rue des Saints Peres 75006 Paris France;4.5
Hotel Palm - Astotel;30 Rue De Maubeuge 9th Arr. 75009 Paris France;4.5
Eiffel Kennedy Hotel;12 rue de Boulainvilliers 75016 Paris France;4.5
Grand Hotel du Palais Royal;4 rue de Valois 75001 Paris France;5.0
Hotel Pas de Calais;59 rue des Saints Peres 75006 Paris France;4.5
Palym Hotel;4 rue Emile Gilbert 12th Arr. 75012 Paris France;4.0
Hotel Dauphine Saint Germain;36 rue Dauphine 6th Arr. 75006 Paris France;4.5
Le Bristol Paris;112 rue du Faubourg Saint Honore 8th Arr. 75008 Paris France;5.0
Hotel du Continent;30 rue du Mont Thabor 1 Arr 75001 Paris France;4.5
Pley Hotel;214 rue du Faubourg Saint Honore 75008 Paris France;4.5
The Hoxton Paris;30 rue du Sentier 75002 Paris France;4.5
Hotel des Comedies;8 rue d Hauteville 10th Arr. 75010 Paris France;4.5
Hotel Le M Paris;20 Bis Rue de la Gaité 75014 Paris France;4.0
Libertel Gare du Nord Suede;106 boulevard de Magenta 75010 Paris France;4.0
Hotel Saint-Marcel;43 boulevard Saint Marcel 75013 Paris France;4.5
Europe Hotel Paris Eiffel;103 boulevard de Grenelle 15 Arr. 75015 Paris France;4.0
Hotel Plaza Elysees;177 boulevard Haussmann 75008 Paris France;4.0
Hotel Central Saint Germain;3 rue Champollion 75005 Paris France;4.0
Mercure Paris Vaugirard Porte de Versailles Hotel;Boulevard Victor 75015 Paris France;4.0
HotelHome Paris 16;36 rue George Sand 16 Arr. 75016 Paris France;4.5
Best Western Premier Trocadero La Tour;5 bis rue Massenet 75116 Paris France;4.0
Hotel Longchamp Elysees;68 rue de Longchamp 75116 Paris France;4.5
Libertel Austerlitz Jardin des Plantes;12 boulevard de l Hopital 75005 Paris France;4.0
Grand Hotel Dechampaigne;17 rue Jean Lantier 75001 Paris France;4.0
Hotel Beige;12 rue de Maubeuge 75009 Paris France;4.0
La Chambre du Marais;87 rue des Archives 75003 Paris France;5.0
Hotel de l'Abbaye Saint-Germain;10 rue Cassette 6th Arr 75006 Paris France;4.5
Le 10 Bis Hotel;10 B rue du Debarcadere 75017 Paris France;5.0
Hotel Eiffel Blomet;78 rue Blomet 75015 Paris France;4.5
Hotel Gramont;22 rue de Gramont 75002 Paris France;4.5
Hotel Locomo;6 B rue de Lyon 12 Arr. 75012 Paris France;4.5
Hotel Mistral;24 rue Cels 14 Arr. 75014 Paris France;4.5
Hotel Brighton - Esprit de France;218 rue de Rivoli 01 Arr. 75001 Paris France;4.5
Maison Astor Paris Curio Collection by Hilton;11 rue d'Astorg 8th Arr. 75008 Paris France;4.5
Hotel Villa Saxe Eiffel;9 Villa de Saxe 75007 Paris France;4.5
Hotel Luxembourg Parc;42 rue de Vaugirard 6th Arr. 75006 Paris France;4.5
French Theory;18 rue Cujas 75005 Paris France;4.5
Hotel La Tamise;4 Rue d'Alger 1st Arr. 75001 Paris France;5.0
Hotel de Roubaix;6 rue Greneta 75003 Paris France;4.0
Hotel Dame des Arts;4 Rue Danton 75006 Paris France;5.0
Le Pavillon de la Reine;28 Place des Vosges 75003 Paris France;4.5
Le Relais des Halles;26 rue Pierre Lescot 75001 Paris France;5.0
Hotel Beausejour-Ranelagh;99 rue du Ranelagh 16th Arr. 75016 Paris France;5.0
Suites & Hotel Helzear Champs-Elysees;49 avenue Marceau 75116 Paris France;4.5
Hotel L'interlude;258 avenue Daumesnil 75012 Paris France;4.0
Hotel Louvre Marsollier Opera;13 rue Marsollier 2nd Arr. 75002 Paris France;4.0
Belta Hotel Residence;46 rue Lucien Sampaix 10th Arr. 75010 Paris France;4.0
Mama Shelter Paris West;20 avenue de la Porte de la Plaine 75015 Paris France;4.0
Hotel Etoile Saint-Ferdinand by HappyCulture;36 rue Saint Ferdinand 17th Arr. 75017 Paris France;4.0
Holiday Inn Paris - Gare de Lyon Bastille an IHG hotel;11 Rue De Lyon 75012 Paris France;4.0
Hotel Paris Opera Affiliated by Melia;3 boulevard Montmartre 75002 Paris France;4.0
Hotel Peyris Opera;10 rue du Conservatoire 75009 Paris France;4.0
Lux Hotel Picpus;74 boulevard de Picpus 75012 Paris France;4.5
Hotel Chavanel;22 rue Tronchet 75008 Paris France;4.5
Hotel Felicien by Elegancia;21 rue Felicien David 75016 Paris France;4.5
Hotel Relais Bosquet Paris by Malone;19 rue du Champ de Mars 75007 Paris France;4.5
Hotel Le 123 Elysees - Astotel;123 rue du Faubourg Saint Honore 8th Arr. 75008 Paris France;4.5
Bel Ami Hotel;7/11 Rue St-Benoît 6th Arr. 75006 Paris France;4.5
Hotel & Spa Saint-Jacques;35 rue des Ecoles 75005 Paris France;4.5
Hotel Balmoral;6 rue du Général Lanrezac 75017 Paris France;4.5
Hotel Madison;143 Boulevard St Germain 75006 Paris France;4.5
Juliana Hotel Paris;10 rue Cognacq Jay 75007 Paris France;4.5
Hotel Residence Henri IV;50 rue des Bernardins 75005 Paris France;4.5
Hotel Virgina;66 rue du Pere Corentin 75014 Paris France;4.0
Volney Opera Hotel;11 rue Volney 75002 Paris France;4.5
Atlantic Hotel;44 rue de Londres 8th Arr. 75008 Paris France;4.5
Hotel L'Echiquier Opera Paris - MGallery;38 rue de l Echiquier 10 Arr. 75010 Paris France;4.5
Hotel Belloy Saint-Germain;2 rue Racine 6th Arr. 75006 Paris France;4.0
Novotel Paris 14 Porte d'Orleans;15 17 21 Boulevard Romain Rolland 75014 Paris France;4.0
Hotel Albert 1er;162 rue la Fayette 10th Arr. 75010 Paris France;4.0
Hotel Pont Royal;5 rue Montalembert 75007 Paris France;4.5
Citadines Bastille Marais Paris;37 Boulevard Richard Lenoir 11th Arr. 75011 Paris France;4.0
Hotel Cayre;4 boulevard Raspail 75007 Paris France;4.5
Hotel Caron;3 rue Caron 04 Arr. 75004 Paris France;4.5
Hotel de Lille;40 rue de Lille 7th Arrondissement 75007 Paris France;4.5
Hotel Champerret Heliopolis;13 rue d Heliopolis 17th Arr. 75017 Paris France;4.5
Central Hotel Paris;1 B rue du Maine 14th Arr. 75014 Paris France;4.0
Au Pacific Hotel;11 rue Fondary 75015 Paris France;4.0
Hotel Lumieres Montmartre Paris;110 rue Damremont 75018 Paris France;4.0
Hotel Apollon Montparnasse;91 rue de l ouest 14 Arr. 75014 Paris France;4.5
Maison Saintonge;16 rue de Saintonge 75003 Paris France;4.5
Paris France Hotel;72 rue de Turbigo 75003 Paris France;4.5
3 Ducks Hostel;6 Place Etienne Pernet 15th Arr 75015 Paris France;4.0
Hotel le Notre Dame;1 Quai Saint-Michel 5th Arr. 75005 Paris France;4.5
Citadines Place d'Italie Paris;18 Place D Italie 13th Arr. 75013 Paris France;4.0
Hotel Adele & Jules;2 Et 4 bis Cité Rougemont 75009 Paris France;5.0
Le Basile Hotel;23 rue Godot de Mauroy 75009 Paris France;5.0
Saint James Paris;5 Place Du Chancelier Adenauer 75116 Paris France;5.0
Hotel Eiffel Turenne;20 avenue de Tourville 75007 Paris France;4.5
Hotel du Rond-Point des Champs-Elysees - Esprit de France;10 rue de Ponthieu 75008 Paris France;5.0
Hotel Le A;4 Rue d'Artois 75008 Paris France;4.5
Hotel de la Cite Rougemont;4 Cite Rougemont 75009 Paris France;4.5
Relais Hotel du Vieux Paris;9 rue Git le Coeur 75006 Paris France;4.5
Hotel Les Jardins de la Villa;5 rue Belidor 75017 Paris France;4.5
Hotel Phileas Lazare & Spa;24 rue d Amsterdam 09 Arrondissement 75009 Paris France;4.5
Hotel Trianon Rive Gauche;3 rue de Vaugirard 75006 Paris France;4.0
Best Western Premier Faubourg 88;88 rue du Faubourg Poissonniere 75010 Paris France;4.5
Maison Souquet;10 rue de Bruxelles 75009 Paris France;5.0
Hotel Le Littre;9 rue Littre 75006 Paris France;4.5
Four Seasons Hotel George V;31 Avenue George V 75008 Paris France;5.0
Hotel Albe Saint Michel;1 rue de la Harpe 05 Arr. 75005 Paris France;4.5
Best Western Quartier Latin Pantheon;71 rue Monge 5th Arr. 75005 Paris France;4.0
Hotel de l'Horloge;25 Passage de Menilmontant 75011 Paris France;4.5
Hotel Atmospheres;31 rue des Ecoles 75005 Paris France;4.5
Hotel Elysa Luxembourg;6 rue Gay Lussac 75005 Paris France;4.0
Mercure Paris Gare Montparnasse;20 rue de la Gaite 75014 Paris France;4.0
Hotel Prince Albert Montmartre;116 rue Ordener 75018 Paris France;4.0
La Clef Louvre Paris by The Crest Collection;8 Rue de Richelieu 1st Arr. 75001 Paris France;4.5
Citadines Montmartre Paris;16 Avenue Rachel 75018 Paris France;4.0
Timhotel Paris Gare de l'Est;27 rue des Recollets 75010 Paris France;4.0
Hotel Stella Etoile;20 avenue Carnot 75017 Paris France;4.0
Hotel Marceau Champs Elysees;37 avenue Marceau 75116 Paris France;4.5
L'Hotel;13 rue des Beaux Arts 75006 Paris France;4.5
Motel One Paris-Porte Doree;295 avenue Daumesnil 75012 Paris France;4.5
Hotel Westminster;13 Rue de la Paix 75002 Paris France;4.0
Le Narcisse Blanc Hotel & Spa;19 boulevard de la Tour Maubourg 75007 Paris France;5.0
Hidden Hotel;28 Rue De l'Arc de Triomphe 75017 Paris France;5.0
Hotel Saint-Petersbourg Opera & SPA;35 Rue Caumartin 75009 Paris France;4.5
Hotel Edouard 7;39 avenue de l Opera 75002 Paris France;4.5
Hotel Acadia - Astotel;4 rue Geoffroy Marie 9th Arr. 75009 Paris France;4.5
Hotel Helussi;22 B rue de Bellefond 75009 Paris France;5.0
Hotel B55;55 rue Boussingault 75013 Paris France;4.5
Hotel de France Invalides;102 boulevard de la Tour Maubourg 75007 Paris France;4.0
Hotel Fabric;31 Rue de la Folie Mericourt 75011 Paris France;5.0
Hotel Maxim Folies;14 rue Geoffroy Marie 75009 Paris France;4.5
Maison FL;6 rue de la Tour 75116 Paris France;4.5
Hotel Le Walt;37 avenue de la Motte Picquet 7 Arr. 75007 Paris France;4.5
Hotel du Louvre;Place André Malraux 75001 Paris France;4.5
Renaissance Paris Arc de Triomphe Hotel;39 avenue de Wagram 75017 Paris France;4.5
Hotel de Sevres;22 rue de l Abbe Gregoire 75006 Paris France;4.5
Le Lapin Blanc;41 boulevard Saint Michel 75005 Paris France;4.5
Hotel Waldorf Montparnasse;17 rue du Depart 75014 Paris France;4.0
Hotel Caumartin Opera - Astotel;27 rue de Caumartin 9th Arr. 75009 Paris France;4.5
Hotel Le Royal;212 boulevard Raspail 75014 Paris France;4.5
Belambra City - Hotel Magendie;2/4 rue Magendie 75013 Paris France;4.0
Libertel Montmartre Opera;32 rue Duperre 75009 Paris France;4.0
Hotel Montfleuri;21 avenue de la Grande Armee 75116 Paris France;4.0
Hotel Glasgow Monceau by Patrick Hayat;3 rue de la Felicite 17th 75017 Paris France;4.0
Fraser Suites Le Claridge Champs-Elysees;74 avenue des Champs Elysees 75008 Paris France;4.0
Sofitel Paris Arc de Triomphe;14 rue Beaujon 75008 Paris France;4.5
Hotel le Chat Noir;68 boulevard de Clichy 75018 Paris France;4.5
La Demeure Montaigne;18 rue Clement Marot 75008 Paris France;4.5
Hotel Michelet Odeon;6 Place de l Odeon Saint Germain des Prés 75006 Paris France;4.0
Terminus Orleans;197 boulevard Brune 75014 Paris France;4.0
Drawing Hotel;17 rue de Richelieu 75001 Paris France;4.5
Hotel Louis II;2 rue Saint Sulpice 75006 Paris France;5.0
Hotel Marais Bastille;36 Bld. Richard Lenoir 75011 Paris France;4.5
Hotel 7 Eiffel by Malone;17 B rue Amelie 7th Arr. 75007 Paris France;4.5
Le Petit Beaumarchais Hotel & Spa;8 boulevard Beaumarchais 75011 Paris France;4.5
Hotel Le 12;12 Rue de Vienne 75008 Paris France;4.5
Hotel La Canopee;15 rue de Penthievre 75008 Paris France;5.0
Hotel Cordelia;11 rue Greffulhe 75008 Paris France;4.0
Hotel de Berri Champs-Elysees a Luxury Collection Hotel Paris;18 - 22 Rue de Berri 75008 Paris France;5.0
Le General Hotel;5 rue Rampon 75011 Paris France;4.5
Sofitel Paris Le Faubourg;15 Rue Boissy d'Anglas 75008 Paris France;4.5
Hotel Artus;34 rue de Buci 6th Arr. 75006 Paris France;4.5
Off Paris Seine;86 quai D Austerlitz 75013 Paris France;4.0
Best Western Aramis Saint-Germain;124 rue de Rennes 6th Arr. 75006 Paris France;4.0
Best Western Plus Hotel Litteraire Marcel Ayme;16 rue Tholoze 75018 Paris France;4.5
Hotel France Albion;11 rue Notre Dame de Lorette 75009 Paris 75009 Paris France;4.5
Hotel Mansart;5 rue des Capucines 75001 Paris France;4.5
XO Hotel;23 rue Theodore de Banville 17th Arr. 75017 Paris France;5.0
Hotel La Villa des Ternes;97 avenue des Ternes 17th Arr. 75017 Paris France;4.5
Hotel Francois 1er;7 rue Magellan 08 Arr. 75008 Paris France;4.5
Hotel des Deux Continents;25 rue Jacob 6th Arr 75006 Paris France;4.0
Hotel Alhambra;13 rue de Malte 75011 Paris France;4.0
Citadines Opera Paris;18 rue Favart 75002 Paris France;4.0
Louvre Piemont Hotel;22 rue de Richelieu 1st Arr. 75001 Paris France;4.0
Dadou Paris - Hotel;10 rue Troyon 75017 Paris France;5.0
Hotel de la Bretonnerie;22 Rue Ste Croix Bretonnerie 75004 Paris France;4.5
Hotel de Suez;31 boulevard Saint Michel 5Ã¨me 75005 Paris France;4.0
Hotel Beaugrenelle Saint Charles Eiffel Tower;82 rue Saint Charles 15th Arr. 75015 Paris France;4.0
Hotel Odyssey by Elegancia;19 rue Herold 75001 Paris France;4.5
Novotel Paris 17;34 avenue de la Porte D Asnieres 75017 Paris France;4.0
Hotel Oratio;42 rue des Bernardins 5th Arr. 75005 Paris France;4.0
Hotel d'Aubusson;33 rue Dauphine 06 Arr. 75006 Paris France;4.5
Hotel Duette Paris;64 rue de Levis Métro Villiers ligne 2 & 3 75017 Paris France;4.5
Hotel Molitor Paris - MGallery Hotel Collection;13 rue Nungesser Et Coli 75016 Paris France;4.5
Hotel Hor Europe;160 Rue la Fayette 75010 Paris France;4.5
Hotel le Bellechasse Saint-Germain;8 rue de Bellechasse 75007 Paris France;4.5
Hotel Regence Etoile;24 avenue Carnot 75017 Paris France;4.5
Hotel de l'Empereur by Malone;2 rue Chevert 07 Arr. 75007 Paris France;4.5
Hotel Le Marquis;15 rue Dupleix 15th Arr. 75015 Paris France;4.5
Maison ELLE Paris Etoile;14 rue Brey 17th Arr. 75017 Paris France;5.0
1K Paris;13 boulevard du Temple 75003 Paris France;4.5
Grand Hotel Saint-Michel;19 rue Cujas 5th Arr. 75005 Paris France;4.5
Hotel Elixir;7 rue Jean Lantier 1st Arr. 75001 Paris France;4.0
Hotel Le Quartier Bercy Square Paris;33 boulevard de Reuilly 75012 Paris France;4.0
Hotel Crayon By Elegancia;25 rue du Bouloi 75001 Paris France;4.5
Hotel Tilsitt Etoile Paris;23 rue Brey 75017 Paris France;4.5
Le Petit Belloy Saint-Germain;1 rue Racine 75006 Paris France;4.0
Hotel Dress Code;5 rue de Caumartin 75009 Paris France;4.5
Hotel Jeanne D'Arc;3 rue de Jarente 75004 Paris France;4.5
Novotel Paris Centre Bercy;85 rue de Bercy 75012 Paris France;4.0
Hotel des Nations St-Germain;54 rue Monge 75005 Paris France;4.5
Best Western Premier Opera Faubourg;49-51 Rue La Fayette 75009 Paris France;4.0
Hotel R de Paris;41 rue de Clichy 75009 Paris France;5.0
Renaissance Paris Vendome Hotel;4 Rue du Mont Thabor 75001 Paris France;4.5
Neuville Arc de Triomphe Hotel;3 rue Verniquet 75017 Paris France;4.5
Hotel La Perle;14 rue des Canettes 6e Arr. 75006 Paris France;4.5
Le Metropolitan Paris Tour Eiffel a Tribute Portfolio Hotel;10 Place de Mexico 75116 Paris France;4.5
Hotel Mathis;3 rue de Ponthieu 75008 Paris France;4.5
Villa Beaumarchais;5 rue des Arquebusiers 75003 Paris France;4.0
A Room In Paris;130 rue la Fayette 75010 Paris France;4.5
Le Marceau Bastille Hotel;13 rue Jules Cesar 75012 Paris France;4.5
Le Relais du Louvre;19 rue des Pretres St G L Auxerrois 75001 Paris France;4.5
Hotel du Cadran;10 Rue du Champs de Mars 75007 Paris France;4.5
Hotel Basss;57 rue des Abbesses 75018 Paris France;4.0
Hotel Observatoire Luxembourg;107 boulevard Saint Michel 75005 Paris France;4.5
Hotel & Spa de Latour Maubourg;150 rue de Grenelle 75007 Paris France;4.5
Hotel Mercure Paris Alesia;185 boulevard Brune 75014 Paris France;4.5
Hotel Etats-Unis Opera;16 Rue d'Antin 75002 Paris France;4.5
Hotel Splendide Royal Paris;18 rue du Cirque 75008 Paris France;5.0
Minerve Hotel;13 rue des Ecoles 75005 Paris France;4.0
Hotel des Grands Hommes;17 Place du Pantheon 75005 Paris France;4.5
Sonder Atala Champs-Elysees;10 rue Chateaubriand 75008 Paris France;4.5
Pepper & Paper Apartments;34 rue de l Arbalete 75005 Paris France;4.5
Roi de Sicile - Rivoli;19 rue de Rivoli 75004 Paris France;4.5
9Confidentiel;58 rue du Roi de Sicile 75004 Paris France;4.5
La Villa Haussmann;132 boulevard Haussmann 75008 Paris France;4.5
Ibis Paris Grands Boulevards Opera 9eme;38 rue du Faubourg Montmartre 75009 Paris France;4.0
Holiday Inn Paris Opera - Grands Blvds;30 boulevard Poissonniere 75009 Paris France;4.0
Hotel Plaza Athenee;25 Avenue Montaigne 75008 Paris France;4.5
Hotel de l'Avre;21 rue de l Avre 15 Arr. 75015 Paris France;4.0
Hotel Emile Le Marais;2 rue Malher 75004 Paris France;4.0
Hotel National Des Arts et Metiers;243 Rue Saint Martin 75003 Paris France;4.0
Hotel Alison;21 rue de Surene 8th Arr. 75008 Paris France;4.0
Hotel Le Clement;6 rue Clement 6th Arr. 75006 Paris France;4.5
Tiquetonne;6 rue Tiquetonne 75002 Paris France;4.0
Hotel Magellan;17 rue Jean Baptiste Dumas 75017 Paris France;4.5
Les Jardins du Faubourg;9 rue d Aguesseau 75008 Paris France;5.0
Hotel Inn Design Paris;178 boulevard Vincent Auriol 75013 Paris France;4.0
Atelier Montparnasse;84 rue Raymond Losserand 75014 Paris France;4.0
Grand Hotel des Gobelins;57 boulevard Saint Marcel 75013 Paris France;4.0
Holiday Inn Paris - Auteuil an IHG hotel;21 rue Gudin 75016 Paris France;4.0
Hotel Galileo;54 rue Galilee 75008 Paris France;4.5
Hotel Chatillon Paris Montparnasse;11 Square de Chatillon metro ligne 4 porte d'orleans et Alesia 75014 Paris France;4.0
citizenM Paris Champs-Elysees;128 rue la Boetie 75008 Paris France;4.5
Hotel Splendide Royal Paris;18 rue du Cirque 75008 Paris France;5.0
Sonder Atala Champs-Elysees;10 rue Chateaubriand 75008 Paris France;4.5
Hotel Cambon;3 rue Cambon 75001 Paris France;4.5
Hotel Parc St. Severin - Esprit de France;22 rue de la Parcheminerie 5th Arr. 75005 Paris France;4.5
Hotel des Deux Iles;59 rue Saint Louis en L Ile 75004 Paris France;4.5
Hotel Urban Bivouac;1 rue Sthrau 75013 Paris France;4.5
LAZâ€™ Hotel Spa Urbain;17 rue de Milan 75009 Paris France;4.5
Le Relais Saint Charles;72 boulevard de Grenelle 75015 Paris France;4.0
Hotel de Flore;108 rue Lamarck Montmartre 75018 Paris France;4.5
Hotel Academie Saint Germain;32 rue des Saints Peres 75007 Paris France;4.5
Hotel Courcelles Etoile;184 rue de Courcelles 17th Arr. 75017 Paris France;4.0
Hotel Jules & Jim;11 rue des Gravilliers between Place des Vosges and Centre Georges Pompidou 75003 Paris France;4.5
Hotel Beauchamps;24 rue de Ponthieu Champs-Elysées 75008 Paris France;4.0
Hotel Paris Vaugirard;403 rue de Vaugirard 75015 Paris France;4.0
Hotel de Sevigne;6 rue de Belloy 75116 Paris France;4.5
Hotel Sleeping Belle;234 rue de Bercy 75012 Paris France;4.5
Hotel Residence Foch;10 rue Marbeau 75116 Paris France;4.5
Renaissance Paris Nobel Tour Eiffel Hotel;55-57 Avenue Raymond Poincare 75116 Paris France;4.5
Les Bulles De Paris;32 rue des Ecoles 75005 Paris France;4.0
Nuage;30 rue Jean Mermoz 75008 Paris France;5.0
Select Hotel Rive Gauche;1 Place de la Sorbonne 75005 Paris France;4.0
Mercure Paris Bercy Bibliotheque;6 boulevard Vincent Auriol 75013 Paris France;4.0
Hotel Veryste;5 rue Riboutte 75009 Paris France;4.5
Amastan Paris;34 rue Jean Mermoz 75008 Paris France;4.5
Mercure Paris Gare de Lyon Opera Bastille;3 rue Parrot 75012 Paris France;4.5
Le Mathurin Hotel & Spa Paris;43 rue des Mathurins 75008 Paris France;4.5
Le Grand Quartier;15 rue de Nancy 75010 Paris France;4.5
Maison Albar Hotels Le Vendome;7 rue du Helder 75009 Paris France;4.5
Hotel Monterosa - Astotel;30 rue la Bruyere 9th Arr. 75009 Paris France;4.5
Lyric Hotel Paris;2 Rue de Gramont 75002 Paris France;4.5
Hotel Lord Byron;5 rue Chateaubriand 75008 Paris France;5.0
Le Cinq Codet;5 rue Louis Codet 75007 Paris France;4.5
Hotel Le Pradey;5 rue Saint Roch 75001 Paris France;4.5
Hotel du Levant;18 rue de la Harpe 75005 Paris France;4.5
Chouchou;11 rue du Helder 75009 Paris France;4.5
O.lysee Hotel;7 rue du Colisee 75008 Paris France;5.0
Hotel Parister;19 rue Saulnier 75009 Paris France;4.5
Hotel Romance Malesherbes by Patrick Hayat;129 rue Cardinet 75017 Paris France;4.5
Hotel Park Lane Paris;4 rue la Boetie 75008 Paris France;4.5
Hotel Victor Hugo Paris Kleber;19 rue Copernic 75116 Paris France;4.0
MIJE Marais Fourcy;6 rue de Fourcy 75004 Paris France;4.0
Castille Paris - Starhotels Collezione;33 rue Cambon 75001 Paris France;4.5
Ritz Paris;15 Place Vendome 75001 Paris France;4.5
Mercure Paris 17 Batignolles;118 rue de Tocqueville 75017 Paris France;4.5
Hotel des Grandes Ecoles;75 rue du Cardinal Lemoine 75005 Paris France;4.5
Hotel Palais de Chaillot;35 avenue Raymond Poincare 75116 Paris France;4.5
Hotel Sacha;7 rue de Navarin 75009 Paris France;4.0
Hotel Arvor;8 rue Laferriere 09 Arr. 75009 Paris France;4.5
Hotel de Bellevue Paris Gare du Nord;67 rue Philippe de Girard 18 Arr. 75018 Paris France;4.0
Hotel Langlois;63 rue Saint Lazare 75009 Paris France;4.5
Hotel Best Western Montcalm;50 avenue Felix Faure 75015 Paris France;4.0
Platine Hotel;20 rue de l Ingenieur Robert Keller 75015 Paris France;4.5
Babel Hotels Belleville;3 rue Lemon 75020 Paris France;5.0
Kyriad Paris 18 - Porte De Clignancourt - Montmartre;78 boulevard Ornano 75018 Paris France;4.0
Hotel Le Rocroy Paris Gare du Nord;13 rue de Rocroy 75010 Paris France;4.0
Ibis Paris Brancion Expo 15eme;105 rue Brancion Parc Georges Brassens 75015 Paris France;4.0
Hotel Haussmann Saint Augustin;20 rue Roquepine 75008 Paris France;4.5
Hotel Lilas Blanc;5 rue de l Avre 15 Arr. 75015 Paris France;4.5
Le 1er Etage SoPi;34 rue Jean Baptiste Pigalle 75009 Paris France;5.0
Maison Armance;5 rue Cambon 75001 Paris France;5.0
Hotel Baume;7 rue Casimir Delavigne 75006 Paris France;4.5
La Reserve Paris - Hotel and Spa;42 avenue Gabriel 75008 Paris France;5.0
Hotel Odeon Saint-Germain;13 Rue Saint-Sulpice 75006 6th Arr. 75006 Paris France;4.5
Hotel Le Tourville;16 avenue de Tourville 75007 Paris France;4.5
Hotel Berne Opera;37 rue de Berne 75008 Paris France;4.0
Hotel Vernet;25 rue Vernet 75008 Paris France;4.5
Hotel Whistler;36 rue de Saint Quentin 75010 Paris France;4.5
Le Citizen Hotel;96 quai de Jemmapes 75010 Paris France;4.5
Hotel Saint Paul Rive Gauche;43 rue Monsieur le Prince 75006 Paris France;4.5
Odeon Hotel by Malone;3 rue de l Odeon 75006 Paris France;4.5
Hotel Bleu de Grenelle;140 boulevard de Grenelle 15e Arrondissement 75015 Paris France;5.0
Apostrophe Hotel;3 rue de Chevreuse 75006 Paris France;4.5
Hotel London Paris;32 boulevard des Italiens 75009 Paris France;3.5
Hotel Du Sentier;2 Place du Caire 75002 Paris France;5.0
Holiday Inn Paris - Montmartre an IHG hotel;23 rue Damremont 18 Arr. 75018 Paris France;4.0
Le Relais Saint-Honore;308 rue Saint Honore 75001 Paris France;4.5
Hotel du Prince Eugene;247 Boulevard Voltaire 75011 Paris France;4.5
Eden Hotel Opera;35 rue Jean Baptiste Pigalle 09 Arr. 75009 Paris France;4.0
Hotel Edouard 6;"61 boulevard du Montparnasse Pres De La Rue De Rennes ; Place 18 Juin 1940 75006 Paris France";4.0
Hotel Alfred Sommier;20 rue de l Arcade 75008 Paris France;4.5
Lenox Montparnasse;15 rue Delambre 75014 Paris France;4.5
Warwick Paris;5 rue de Berri 75008 Paris France;4.0
Hotel du Triangle d'Or;6 rue Godot de Mauroy 9th Arr. 75009 Paris France;4.5
Kyriad Paris 13 - Italie Gobelins;5 rue Veronese 75013 Paris France;4.0
Etoile Park Hotel;10 avenue Mac Mahon 75017 Paris France;4.0
Hotel Ibis Styles Paris 15 Lecourbe;192 rue de la Croix Nivert 75015 Paris France;4.0
Libertel Canal Saint-Martin;5 avenue Secretan 75019 Paris France;4.0
Niepce Paris Hotel Curio Collection by Hilton;4 rue Niepce 75014 Paris France;4.5
Hotel du College de France;7 rue Thenard 75005 Paris France;4.5
Hotel Exquis by Elegancia;71 rue de Charonne 75011 Paris France;4.5
Villathena;23 rue d Athenes 75009 Paris France;4.0
Hotel de la Place du Louvre - Esprit de France;21 rue des Pretres St Germain l'Auxerrois 01 Arr. 75001 Paris France;4.5
Hotel De Nell;7 rue du Conservatoire 75009 Paris France;4.5
Holiday Inn Paris - Elysees an IHG hotel;24 rue de Miromesnil 75008 Paris France;4.5
Hotel de l'Esperance;15 rue Pascal 05 Arr. 75005 Paris France;4.0
Best Western Anjou Lafayette Opera;4 rue Riboutte 9th Arr. 75009 Paris France;4.0
Renaissance Paris Republique Hotel;40 rue Rene Boulanger 75010 Paris France;4.5
Best Western Premier Kapital Opera;34 rue de Moscou 75008 Paris France;4.5
Hotel du College de France;7 rue Thenard 75005 Paris France;4.5
Hotel L'Horset Opera BW Premier Collection;18 rue d Antin 2nd Arr. 75002 Paris France;4.5
Hotel des Academies et des Arts;15 rue de la Grande Chaumiere 75006 Paris France;4.5
Hotel De Nell;7 rue du Conservatoire 75009 Paris France;4.5
Holiday Inn Paris - Elysees an IHG hotel;24 rue de Miromesnil 75008 Paris France;4.5
Best Western Anjou Lafayette Opera;4 rue Riboutte 9th Arr. 75009 Paris France;4.0
Seven Hotel Paris;20 rue Berthollet 75005 Paris France;4.5
Hotel Vernet;25 rue Vernet 75008 Paris France;4.5
Hotel du Triangle d'Or;6 rue Godot de Mauroy 9th Arr. 75009 Paris France;4.5
Best Western Premier Kapital Opera;34 rue de Moscou 75008 Paris France;4.5
Pavillon Faubourg Saint-Germain;5 rue du Pré-aux-Clercs 75007 Paris France;4.5
Renaissance Paris Republique Hotel;40 rue Rene Boulanger 75010 Paris France;4.5
Hotel Lancaster Paris Champs-Elysees;7 rue de Berri 75008 Paris France;4.5
Hotel Queen Mary;9 rue Greffulhe 75008 Paris France;4.0
Snob Hotel by Elegancia;84 rue Saint Denis 75001 Paris France;4.5
Hotel Indigo Paris - Opera an IHG Hotel;2 Rue Edouard Vii 75009 Paris France;4.5
Hotel Albe Bastille;66 rue de Charenton 12 Arr. 75012 Paris France;4.5
Hotel du Prince Eugene;247 Boulevard Voltaire 75011 Paris France;4.5
Hotel du Petit Moulin;29 rue de Poitou 75003 Paris France;4.5
Relais 12bis B&B;12 B rue Desaix 75015 Paris France;5.0
Libertel Canal Saint-Martin;5 avenue Secretan 75019 Paris France;4.0
Hotel Pavillon Bastille;65 rue de Lyon 12th Arr. 75012 Paris France;4.0
Chambiges Elysees Hotel;8 rue Chambiges 8th Arr. 75008 Paris France;4.5
Hotel Eiffel Capitol;9 rue Viala 15 Arr. 75015 Paris France;4.0
Majestic Hotel-Spa Champs-Elysees;30 rue la Perouse 75116 Paris France;4.0
Hotel Elysees Flaubert;19 rue Rennequin 17th Arr. 75017 Paris France;4.0
Hotel Ibis Styles Paris 15 Lecourbe;192 rue de la Croix Nivert 75015 Paris France;4.0
Hotel Mercure Paris 15 Porte de Versailles;6 rue Saint Lambert 75015 Paris France;4.0
Hotel du Haut Marais;7 rue des Vertus 75003 Paris France;5.0
Hotel Doisy Etoile;55 avenue des Ternes 75017 Paris France;4.5
Hotel Sookie;2 B rue Commines 75003 Paris France;4.5
Le Temple de Jeanne;125 rue Saint Antoine 75004 Paris France;4.5
Hotel Opera Richepanse;14 rue du Chevalier de Saint George 75001 Paris France;4.5
Hotel Bonsoir Madame;65 rue Madame 75006 Paris France;5.0
Hotel les Dames du Pantheon;19 Place du Pantheon 75005 Paris France;4.5
Hotel Aiglon;232 boulevard Raspail 14th Arr. 75014 Paris France;4.5
Odeon Hotel by Malone;3 rue de l Odeon 75006 Paris France;4.5
La Villa Maillot - Arc de Triomphe;143 Avenue de Malakoff 75116 Paris France;4.5
Hotel Exquis by Elegancia;71 rue de Charonne 75011 Paris France;4.5
Hotel Paris Bastille Boutet - MGallery Collection;22 24 Rue Faidherbe 75011 Paris France;4.5
La Finca;44 boulevard Richard Lenoir 75011 Paris France;4.0
Le Belleval;16 rue de la Pepiniere 75008 Paris France;4.5
Hotel le Petit Paris;214 rue Saint Jacques 75005 Paris France;4.5
Hotel 29 Lepic;29 rue Lepic 18th Arr. 75018 Paris France;4.0
Source Hotel;135 avenue de Saint Ouen 75017 Paris France;4.0
Hotel Arcadie Montparnasse;71 avenue du Maine 75014 Paris France;4.0
Hotel Elysees Regencia;41 avenue Marceau 75116 Paris France;4.5
Hotel Madeleine Plaza;33 Place de la Madeleine 08 Arr. 75008 Paris France;4.5
Hotel Amelie;5 rue Amelie 75007 Paris France;4.0
Hotel London Paris;32 boulevard des Italiens 75009 Paris France;3.5
Hotel Westside Arc de Triomphe;36 rue Pierre Demours 75017 Paris France;4.0
New Hotel Roblin La Madeleine;6 rue Chauveau Lagarde 75008 Paris France;4.0
Hotel La Sanguine;6 rue de Surene 8th Arr. 75008 Paris France;4.5
Hotel le Mireille;24 rue Davy 75017 Paris France;4.5
Le Grand Hotel de Normandie;4 rue d Amsterdam OPERA - Gare Saint-Lazare 75009 Paris France;4.0
Logis Jardin De Villiers;18 rue Claude Pouillet 17 Arr. 75017 Paris France;4.5
Classics Hotel Bastille;131 rue de Charonne 11th Arr. 75011 Paris France;4.0
Hotel Windsor Opera;10 rue Gabriel Laumain 75010 Paris France;4.5
Le Patio Bastille;289 Bis Rue Du Faubourg Saint Antoine 75011 Paris France;4.0
Hotel Viator - Paris Gare de Lyon;1 rue Parrot 75012 Paris France;4.0
Hotel Yllen Eiffel;196 rue de Vaugirard 75015 Paris France;4.5
Residence & Spa Le Prince Regent;28 rue Monsieur le Prince 75006 Paris France;4.5
Hotel De Buci;22 rue de Buci 06 Arr. 75006 Paris France;4.5
Villa Pantheon;41 rue des Ecoles 75005 Paris France;4.0
Hotel du Jeu de Paume;54 rue Saint Louis en L Ile 75004 Paris France;4.5
Hotel Vice Versa;213 rue de la Croix Nivert 75015 Paris France;4.5
Hotel Maxim Quartier Latin;28 rue Censier 05 Arr. 75005 Paris France;4.0
MERCURE PARIS OPERA GARNIER HOTEL & SPA;4 rue de l Isly 75008 Paris France;4.0
Golden Tulip Opera De Noailles;9 rue de la Michodiere 75002 Paris France;4.5
Hotel Edgar and Achille;33 rue Sainte Foy 75002 Paris France;4.5
Le Fabe Hotel;113 B rue de l ouest 75014 Paris France;4.5
Hotel de la Place du Louvre - Esprit de France;21 rue des Pretres St Germain l'Auxerrois 01 Arr. 75001 Paris France;4.5
Taylor Hotel;4 rue Taylor 75010 Paris France;4.5
Nadaud Hotel;8 rue de la Bidassoa 75020 Paris France;4.5
Hotel De L'Universite;22 Rue de L’Université 75007 Paris France;4.5
Hotel Le 18 Paris;51 rue Letort 18th Arr. 75018 Paris France;4.0
Hotel Audran;7 rue Audran 75018 Paris France;4.0
Hotel Georgette;36 rue du Grenier Saint Lazare 75003 Paris France;4.5
Ibis Styles Paris Massena Olympiades;82-84 rue Regnault 13th Arr. 75013 Paris France;4.0
Melia Paris Vendome;8 rue Cambon 75001 Paris France;4.0
ibis Paris Bercy Village 12eme;19 Place des Vins de France 75012 Paris France;4.0
La Maison Champs Elysees;8 Rue Jean-Goujon 75008 Paris France;4.0
Hotel Mogador;51 rue de la Victoire 09 Arr. 75009 Paris France;4.5
Hotel de Suede St. Germain;31 rue Vaneau 75007 Paris France;4.0
Grand Hotel de l'Univers;6 rue Gregoire de Tours 6th Arr. 75006 Paris France;4.0
CasaO;108 rue Reaumur 75002 Paris France;5.0
Hotel Royal Saint Germain;159 rue de Rennes 75006 Paris France;4.0
Ibis Paris Gare de Lyon Ledru Rollin 12eme;41 avenue Ledru Rollin 12th Arr. 75012 Paris France;4.0
Hotel La Parizienne by Elegancia;33 boulevard du Montparnasse 75006 Paris France;4.5
Familia Hotel;11 rue des Ecoles 5th Arr. 75005 Paris France;4.0
Ducs de Bourgogne Hotel;19 rue du Pont Neuf 1st Arr. 75001 Paris France;4.5
Hotel de Crillon A Rosewood Hotel;10 Place de la Concorde 8th Arrondissement 75008 Paris France;4.5
Hotel Bourgogne & Montana;3 rue de Bourgogne 7th Arr. 75007 Paris France;4.5
Hotel Monceau Elysees;108 rue de Courcelles 17th Arr. 75017 Paris France;4.5
Hotel Villa Nicolo;3 rue Nicolo 16th Arr. 75116 Paris France;4.5
Maison Albar Hotels Le Pont-Neuf;23 rue du Pont Neuf 1er Arrondissement 75001 Paris France;4.5
Hotel du Lion;1 avenue du General Leclerc 14th Arr. 75014 Paris France;4.0
Aulivia Opera Hotel;4 rue des Petites Ecuries 10th Arr. 75010 Paris France;4.0
Les Tournelles;30 rue de Turenne 75003 Paris France;4.5
Hotel du Champ de Mars;7 rue du Champ de Mars 75007 Paris France;4.5
Hotel Eiffel Saint-Charles;37 rue Saint-Charles 75015 Paris France;4.5
Ibis Styles Paris Place d'Italie Butte aux Cailles Hotel;22 rue Barrault 75013 Paris France;4.5
Hotel Vaneau Saint Germain;86 rue Vaneau 75007 Paris France;4.0
Hotel Recamier;3 bis Place Saint Sulpice 75006 Paris France;4.5
Hotel Elysees 8;16 rue Cambaceres 75008 Paris France;4.5
Maison Nabis by HappyCulture;7 rue de Parme 75009 Paris France;4.5
Hotel des Batignolles;26 rue des Batignolles 17 Arr. 75017 Paris France;3.5
Hotel de France Quartier Latin;108 rue Monge 75005 Paris France;3.5
Hotel Korner Eiffel;96 avenue Emile Zola 15th Arr. 75015 Paris France;4.5
Hotel Bowmann;99 boulevard Haussmann 75008 Paris France;4.5
Hotel Bourg Tibourg;19 rue du Bourg Tibourg 04 Arr. 75004 Paris France;4.5
Aparthotel Adagio Access Paris Reuilly;13 rue de Reuilly 75012 Paris France;4.0
Midnight Hotel Paris;133 rue du Faubourg Saint Denis 75010 Paris France;4.0
9Hotel Republique;7 rue Pierre Chausson 75010 Paris France;4.0
Hotel Napoleon;40 avenue de Friedland 75008 Paris France;4.5
Contact Hotel Alize Montmartre;71 rue de Douai 75009 Paris France;4.0
The Chess Hotel;6 rue du Helder 75009 Paris France;4.5
Hotel Harvey;7 B rue du Debarcadere 17 Arr. 75017 Paris France;4.0
Hotel Elysees Bassano;24 rue de Bassano 75116 Paris France;4.0
Perreyve Hotel;63 rue Madame 75006 Paris France;4.0
Marais Grands Boulevards Hotel;112 boulevard de Sebastopol 75003 Paris France;4.5
Hotel Dupond-Smith;2 rue des Guillemites 75004 Paris France;5.0
Hotel Abbatial Saint Germain;46 boulevard Saint Germain 5th Arr. 75005 Paris France;4.0
Hotel du Ministere;31 rue de Surene 75008 Paris France;4.5
Hotel Duc de Saint Simon;14 rue de Saint Simon 75007 Paris France;4.5
Hotel Bienvenue;23 rue Buffault 75009 Paris France;4.0
Villa du Square;26 rue Raffet 75016 Paris France;5.0
Hotel de Sers;41 avenue Pierre 1er de Serbie 75008 Paris France;4.5
Les Bains;7 rue du Bourg L Abbe 75003 Paris France;4.5
Hotel Monna Lisa;97 rue la Boetie 8th Arr 75008 Paris France;4.5
Hotel Arc de Triomphe;10 rue de l Arc de Triomphe 75017 Paris France;4.0
Hotel Duo;11 rue du Temple 75004 Paris France;4.0
Hotel & Spa La Belle Juliette;92 rue du Cherche Midi 75006 Paris France;4.5
Hotel Therese;5 rue Therese 75001 Paris France;4.5
Hotel Litteraire Le Swann BW Premier Collection;11 rue de Constantinople 75008 Paris France;4.0
Hotel Les Matins de Paris & Spa;3 rue Clauzel 75009 Paris France;4.5
Hotel Eden Montmartre;90 rue Ordener 18 Arr. 75018 Paris France;4.0
Sevres Saint Germain Hotel;22 Rue Saint-Placide 75006 Paris France;4.5
Hotel des Grands Boulevards;17 boulevard Poissonniere 75002 Paris France;4.5
Hotel Bassano;15 rue de Bassano 16 Arr. 75116 Paris France;4.5
Chalgrin Boutique Hotel;;4.5
Le Pavillon des Lettres;;4.5
Hotel Pax Opera;;4.0
Residence NELL;;4.5
Mercure Paris Montparnasse Raspail;;4.0
Villa Royale Montsouris;;4.0
Hotel Cluny Square;;4.0
Hotel Mercure Paris Tour Eiffel Pont Mirabeau;;4.0
Hotel France D'Antin;;4.0
Hotel Diva Opera;;4.0
Hotel Prelude Opera;;4.5
Hotel Concortel;;4.5
Hotel Eiffel Segur;;4.0
Hotel Ekta;;4.5
Hotel Esprit Saint Germain;;5.0
Hotel Le 209 Paris Bercy;;4.0
Hotel Montparnasse Daguerre;;4.0
Hotel Monte Cristo;;4.5
Le Dokhan’s a Tribute Portfolio Hotel;;4.5
Hotel Design Sorbonne;;4.5
Hotel Saint Christophe;;4.5
Le Marianne Hotel;;4.5
Hotel des Marronniers;;4.5
Hotel Ariane Montparnasse;;4.0
Hotel Le Marcel Paris Gare de l'Est;;4.0
Hotel Baudelaire Opera;;4.0
Hotel Princesse Caroline;;4.5
Hotel des 3 Poussins;;4.5
Hotel de Banville;;4.5
Hotel Champerret Elysees;;4.0
Hotel Opera Marigny;;4.5
Hotel Le Regent;;4.5
Hotel des Trois Colleges;;4.0
9HOTEL OPERA;;4.0
Hotel Royal Saint Michel;;4.0
Hotel Delambre;;4.5
Mercure Paris Opera Grands Boulevards;;4.0
Hotel Mercure Paris 9 Pigalle Sacre-Coeur;;4.0
Hotel d'Argenson;;4.0
Hotel Louvre Bons Enfants;;4.0
Mandarin Oriental Paris;;5.0
Hotel de Seine;;4.5
Hotel Korner Montparnasse;;4.5
Paris Art Hotel Quartier Latin by Malone;;4.5
Hotel Motte Picquet;;4.5
Hotel Louvre Montana;;4.5
Hotel Monsieur & Spa;;4.5
Louvre Saint Honore Hotel;;4.0
Hotel de Venise;;4.0
Hotel Chopin;;4.5
Hotel du Printemps;;4.5
Elysees Ceramic Hotel;;4.0
The Five Hotel;;4.0
Le Roch Hotel & Spa;;4.5
Kimpton St Honore Paris;;4.5
Hotel Residence Des Arts;;4.5
Hotel Le 46;;4.0
Montmartre Residence;;5.0
J.K. Place Paris;;5.0
Hotel Folkestone Opera;;4.5
M Social Hotel Paris;;4.5
Sonder Le Frochot;;4.0
Hotel Jardin De Cluny;;5.0
The Hotel Cabane;;4.0
Adagio Paris Montmartre;;4.0
Apartments Du Louvre - Saint Honore;45 rue de l Arbre Sec 75001 Paris France;4.5
Hotel Du Midi Paris Montparnasse;4 avenue Rene Coty 14th Arr. 75014 Paris France;4.0
Hotel des Metallos;50 rue de la Folie Mericourt 75011 Paris France;4.0
Hotel Jacques de Molay;94 rue des Archives 75003 Paris France;4.5
Ibis Paris Gare de Lyon Diderot 12th Hotel;31 B boulevard Diderot 75012 Paris France;4.0
Hotel Touraine Opera;73 rue Taitbout 75009 Paris France;4.5
Idol Hotel;16 rue d'Edimbourg 75008 Paris France;4.5
Le Meurice;228 rue de Rivoli 75001 Paris France;4.5
Max Hotel;34 rue d Alesia 75014 Paris France;4.5
Pavillon Monceau Hotel;43 rue Jouffroy D Abbans 75017 Paris France;3.5
Hotel Aida Marais;19 rue du Chateau D Eau 10th Arr. 75010 Paris France;4.0
Hotel Bedford;17 rue de l Arcade 8th Arr. 75008 Paris France;4.0
Hotel Le Cardinal;3 rue du Cardinal Mercier 75009 Paris France;4.0
Monsieur Cadet Hotel & Spa;4 rue Cadet 09 Arr. 75009 Paris France;4.5
Hotel Duret;30 rue Duret 75116 Paris France;4.5
Hotel Vic Eiffel;92 boulevard Garibaldi 75015 Paris France;4.5
Hotel Saint-Louis Pigalle;6 rue Fromentin 75009 Paris France;4.5
Millesime Hotel;15 rue Jacob 75006 Paris France;4.5
Monsieur Helder Hotel Opera;4 rue du Helder 09 Arr. 75009 Paris France;4.5
Hotel Le Friedland;177 rue du Faubourg Saint Honore 75008 Paris France;4.5
Hotel Le Relais Madeleine;11 B rue Godot de Mauroy 75009 Paris France;4.5
Hotel Josephine by HappyCulture;67 rue Blanche 75009 Paris France;4.0
Hotel Le Colisee;6 rue du Colisee 75008 Paris France;4.0
Hotel Joe M;6 rue Geoffroy Marie 75009 Paris France;4.0
Les Rives De Notre Dame;15 quai Saint Michel 75005 Paris France;4.5
Le 1er Etage Marais;38 rue Ste Croix de la Bretonnerie 75004 Paris France;5.0
Hotel ibis Styles Paris Tolbiac Bibliotheque;21 rue de Tolbiac 75013 Paris France;4.0
La Clef Champs-Elysees Paris;46 rue de Bassano 75008 Paris France;4.5
Hotel Brittany Opera;3 rue Saint Lazare 75009 Paris France;4.0
Rayz Vendome;9 rue Daunou 75002 Paris France;4.5
New Orient Hotel;16 rue de Constantinople 75008 Paris France;4.5
Hotel Serotel Lutece;2 rue Berthollet 5th Arr. 75005 Paris France;4.0
Hotel Trinite Haussmann;41 rue Jean Baptiste Pigalle 75009 Paris France;4.0
Hotel Victoria Chatelet;17 avenue Victoria 75001 Paris France;4.0
Avia Saphir Montparnasse Hotel;181 rue de Vaugirard 15th Arr. 75015 Paris France;4.0
Le Robinet d'Or;17 rue Robert Blache 75010 Paris France;4.5
Bob Hotel & Coworking by Elegancia;30 rue Pernety 75014 Paris France;4.5
Maison Albar Hotels - Le Diamond;4 rue de la Pepiniere 75008 Paris France;4.5
Hotel Louvre Richelieu;51 rue de Richelieu 75001 Paris France;4.5
Pink Hotel;20 B rue Dugommier 75012 Paris France;4.0
Hotel du Theatre by Patrick Hayat;5 rue de Cheroy 75017 Paris France;4.5
Hotel Jardin De Cluny;9 rue du Sommerard 75005 Paris France;5.0
Hotel Le Pavillon;54 rue Saint Dominique 75007 Paris France;4.0
Hotel International;6 rue Auguste Barbier 11 Arr. 75011 Paris France;4.5
Hotel Coypel by Magna Arbor;142 boulevard de l Hopital 75013 Paris France;3.5
The Peninsula Paris;19 avenue Kleber 75116 Paris France;4.5
Hotel du Bois;11 rue du Dome Angle 29 Avenue Victor Hugo 75116 Paris France;4.0
Korner Opera;154 rue Montmartre 2nd Arr. 75002 Paris France;4.5
Hotel Paris Louvre Opera;4 rue des Moulins 75001 Paris France;4.0
Hotel Claridge;37 rue Francois 1er 08 Arr. 75008 Paris France;4.5
Paris-Oasis;Andre del Sarte 75018 Paris France;5.0
Hotel Fontaines du Luxembourg;4 rue de Vaugirard 6th Arr. 75006 Paris France;4.0
Albert's Hotel;22 rue du grand Prieure 75011 Paris France;4.5
9Hotel Bastille-Lyon;23 rue de Lyon 12th Arr. 75012 Paris France;4.0
Handsome Hotel by Elegancia;83 rue Rambuteau 1st Arr. 75001 Paris France;4.5
Nolinski Paris;16 avenue de l Opera 75001 Paris France;4.5
Les Plumes Hotel;10 rue Lamartine 75009 Paris France;4.5
First Hotel;2 boulevard Garibaldi 75015 Paris France;4.0
Ibis Paris Vaugirard Porte De Versailles;5 rue Eugene Gibez 75015 Paris France;4.0
Royal Garden Champs Elysees;218 rue du Faubourg Saint Honore 75008 Paris France;4.0
Best Western Au Trocadero;3 avenue Raymond Poincare 75116 Paris France;4.0
Hotel des Champs-Elysees;2 rue d Artois 08 Arr. 75008 Paris France;4.0
Niel Hotel;11 rue Saussier Leroy 75017 Paris France;4.0
Ibis Paris Avenue de la Republique;14 rue Rampon 75011 Paris France;4.0
Hotel Convention Montparnasse;41 rue Alain Chartier 15 Arr. 75015 Paris France;4.0
Hotel Sainte Beuve;9 rue Sainte Beuve 75006 Paris France;4.5
Park Hyatt Paris - Vendome;5 rue de la Paix 75002 Paris France;4.5
Relais Christine;3 Rue Christine 75006 Paris France;4.5
Hotel Montalembert;3 rue Montalembert 75007 Paris France;4.5
Hotel Convention Montparnasse;41 rue Alain Chartier 15 Arr. 75015 Paris France;4.0
Hotel Ibis Styles Paris Gare Saint Lazare;9 rue de Constantinople 8th Arr. 75008 Paris France;4.0
Hotel San Regis;12 rue Jean Goujon 75008 Paris France;4.5
Mercure Paris La Sorbonne Saint Germain des Pres;;4.0
Monsieur Helder Hotel Opera;;4.5
Mercure Paris Bastille Marais;;4.0
Hotel Crayon Rouge by Elegancia;;4.5
Hotel Le 20 Prieure;;4.0
Hotel Orchidee;;4.0
Hotel Pastel Paris;;4.5
Grand Pigalle Hotel;;4.5
District Republique;;4.0
Moris Hotel;;4.0
Hotel du Beaumont;;4.0
Best Western Empire Elysees;;4.0
Relais Saint-Jacques;;4.5
Legend Hotel by Elegancia;;4.5
Hotel Providence Paris;;4.5
Hotel de l'Arcade;;4.5
Alba Opera Hotel;;4.0
Le Pigalle;;4.5
Timhotel Invalides Eiffel;;4.0
Suites & Hotel Helzear Etoile;;4.0
Austin's Arts et Metiers Hotel;;4.0
Hotel Les Theatres;;4.0
Hotel George Sand;;4.5
Hotel Lutetia;;4.5
Hotel Lumen Paris Louvre;;4.0
Marais de Launay Hotel - ex Bastille;;4.5
Maison Athenee;;4.5
Hotel Archetype Etoile;;5.0
COQ Hotel Paris;;4.5
Grand Hotel Francais;;4.5
Hotel Bachaumont;;4.5
Hotel Balzac;;4.0
Goralska Residences Paris Bastille;;5.0
Mom'Art Hotel & Spa;;4.5
Hotel L'Antoine;;4.5
Hotel Victoire & Germain;;5.0
Hotel Barriere Fouquet's Paris;;4.5
Residence du Pre;;4.0
Hotel R. Kipling by HappyCulture;;4.0
Hotel Oceanic;;4.5
Hotel D'Espagne;;4.0
Hotel AVAMA Prony;;4.5
Madeleine Haussmann Hotel;;4.0
Timhotel Opera Blanche Fontaine;;4.0
Hotel De Notre Dame;;4.0
Hotel Le Saint Gregoire;;4.5
Villa Royale;;4.0
Edgar Suites Expo Paris Porte de Versailles;;5.0
Villa des Ambassadeurs;;4.0
Hotel Arc de Triomphe Etoile;;4.0
Raspail Montparnasse Hotel;;4.0
Hotel Elysees Opera;;4.0
Hotel Rendez-Vous Batignolles;;4.5
Hotel Le Burgundy;;4.5
Hotel de Varenne;;4.5
Hotel Paradis;;4.0
Hotel Plaza Etoile;;4.0
Hotel Opera Liege;;4.5
Hotel De Neuve by HappyCulture;;4.5
Hotel Vendome Saint Germain;;4.5
Acacias Etoile Hotel;;4.5
Welcome Hotel;;4.0
Le VIP Paris Yacht Hotel;;4.0
Hotel Villa d'Estrees;;4.5
Best Western Hotel Mercedes Arc De Triomphe;;5.0
Hotel Le Vignon;;4.5
Villa Montparnasse;;4.0
Hotel de la Tremoille;;4.5
Hotel Le Bailli de Suffren;;4.0
Mercure Paris Place d'Italie;;4.0
Hotel de Montesquieu;;4.5
Kube Hotel;;4.0
Hotel Val Girard;;4.5
Hotel Villa Boheme;;4.0
3H Paris Marais Hotel;;4.0
Adveniat Paris;;4.5
Ibis Styles Paris Cadet Lafayette;;4.0
Ibis Paris Bastille Faubourg Saint Antoine 11eme;;4.0
Grand Hotel Amelot;;4.0
Residence Didot Montparnasse Paris;;4.0
Hotel Apolonia Paris Montmartre Sure Hotel collection by BW;;3.5
Hotel Exposition Tour Eiffel;;4.0
Hotel Cervantes by HappyCulture;;4.0
Prince de Galles a Luxury Collection Hotel Paris;;4.5
Oh la la Hotel;;4.5
Hotel Relais Saint-Germain;;4.5
Maison Albar Hotels - Le Champs-Elysees;;4.5
Hotel Abaca Messidor Paris;;4.0
Le Grey Hotel;;4.5
Zazie Hotel;;4.0
Hotel Apolonia Mouffetard;;3.5
Hotel Sophie Germain;;4.5
Dream Hotel Opera;;4.0
Hotel Royal Saint-Honore;;4.5
Villa Marquis member of Melia Collection;;4.0
Le Royal Monceau - Raffles Paris;;5.0
Suites & Hotel Helzear Montparnasse;;4.5
Gardette Park Hotel;;4.0
Hotel Pilime;;4.0
Grand Hotel Dore;;4.0
Hotel Pierre Nicole;;4.5
Hotel du Plat d'Etain;;3.5
Hotel Opera d'Antin;;4.0
Hotel Le Clos Medicis;;4.0
Hotel Soft;;4.0
Hotel Delavigne;;4.0
Hotel le Lavoisier;;4.0
Hotel Le Vert Galant;;4.5
Hotel Le Chaplain Paris Rive Gauche;;4.5
Hotel Saint Martin Bastille;;4.0
Hotel Saint-Louis en l'Isle;;4.5
Ibis Paris Place d'Italie 13eme;;4.0
Villa Alessandra;;4.0
Best Western Plus Hotel Sydney Opera;;4.5
Saint Dominique Hotel;;4.5
AC Hotel by Marriott Paris Porte Maillot;;4.0
Hotel Magenta 38 by HappyCulture;;4.0
Hotel du Lion d'Or Louvre;;4.0
Hotel Beaubourg;;4.0
Art Hotel Eiffel;;4.0
L'Ouest Hotel;;4.0
Assia et Nathalie;;5.0
Hotel Marignan;;4.0
Maison Malesherbes;;4.5
ZE Hotel;;4.5
Chateaudun Opera;;4.0
Hotel Icone;;4.0
Le Petit Madeleine Hotel;;4.5
BLC Design Hotel;;4.0
Mercure Paris Arc de Triomphe Etoile;;4.0
Mercure Paris Wagram Arc de Triomphe;;4.0
My Home in Paris Hotel;;4.5
Hotel Louvre Sainte Anne;;4.5
Hotel Choiseul Opera;;4.0
Hotel Splendor Elysees;;4.0
Residhotel Imperial Rennequin;;4.5
Esmeralda Hotel;;4.0
Hotel de la Paix Paris;;4.0
Le Relais du Marais;;4.0
Hotel Saint Charles;;4.0
Hotel Arioso;;4.5
Hotel Cosmotel;;4.0
Exe Panorama;;4.0
Le Petit Chomel;;4.5
Le 1er Etage Opera;;5.0
Hotel Vinci Due;;4.5
Hotel Residence Montebello;;4.5
Hotel Maxim Opera;;4.0
Opera Opal Hotel;;4.0
Hotel Waldorf Trocadero Tour Eiffel;;4.5
Hotel Arc Elysees;;4.0
Pavillon Opera Grands Boulevards;;4.0
